{"cameraMode":{"drawMode":0,"name":"Shaded","section":"Shading Mode"},"sceneLighting":false,"audioPlay":false,"sceneViewState":{"showFog":true,"showMaterialUpdate":false,"showSkybox":false,"showFlares":true,"showImageEffects":true,"showParticleSystems":true},"in2DMode":false,"pivot":{"x":0.7590432167053223,"y":8.257978439331055,"z":-9.527389526367188},"rotation":{"x":-0.7556678652763367,"y":0.010213801637291909,"z":-0.01178727112710476,"w":-0.654775857925415},"size":22.0,"orthographic":false}