{"cameraMode":{"drawMode":0,"name":"Shaded","section":"Shading Mode"},"sceneLighting":false,"audioPlay":false,"sceneViewState":{"showFog":true,"showMaterialUpdate":false,"showSkybox":false,"showFlares":true,"showImageEffects":true,"showParticleSystems":true},"in2DMode":false,"pivot":{"x":0.6899999976158142,"y":0.19999998807907105,"z":-10.5},"rotation":{"x":-0.3444196283817291,"y":-0.16302244365215302,"z":0.060860756784677508,"w":-0.9225519299507141},"size":16.709793090820314,"orthographic":false}