{"cameraMode":{"drawMode":0,"name":"Shaded","section":"Shading Mode"},"sceneLighting":true,"audioPlay":false,"sceneViewState":{"showFog":true,"showMaterialUpdate":false,"showSkybox":true,"showFlares":true,"showImageEffects":true,"showParticleSystems":true},"in2DMode":false,"pivot":{"x":1.728245735168457,"y":0.06919020414352417,"z":-9.84296989440918},"rotation":{"x":0.17287790775299073,"y":-0.8215876817703247,"z":0.3279707729816437,"w":0.4330754578113556},"size":5.557884693145752,"orthographic":false}